{
  "valence": -0.00012010270584141835,
  "arousal": 0.0956674486398697,
  "tension": 0.03188914954662323
}